<program>	{ piece, chars, sip, flag, id, table, prepare, start }
<global_decl>	{ piece }
<global_decl>	{ chars }
<global_decl>	{ sip }
<global_decl>	{ flag }
<global_decl>	{ table }
<global_decl>	{ id }
<global_decl>	{ prepare, start }
<piece_decl>	{ of }
<piece_decl>	{ [ }
<piece_id>	{ id }
<piece_ingredient_init>	{ = }
<piece_ingredient_init>	{ ,, ; }
<piece_id_tail>	{ , }
<piece_id_tail>	{ ; }
<chars_decl>	{ of }
<chars_decl>	{ [ }
<chars_id>	{ id }
<chars_ingredient_init>	{ = }
<chars_ingredient_init>	{ ,, ; }
<chars_id_tail>	{ , }
<chars_id_tail>	{ ; }
<sip_decl>	{ of }
<sip_decl>	{ [ }
<sip_id>	{ id }
<sip_ingredient_init>	{ = }
<sip_ingredient_init>	{ ,, ; }
<sip_id_tail>	{ , }
<sip_id_tail>	{ ; }
<flag_decl>	{ of }
<flag_decl>	{ [ }
<flag_id>	{ id }
<flag_ingredient_init>	{ = }
<flag_ingredient_init>	{ ,, ; }
<flag_id_tail>	{ , }
<flag_id_tail>	{ ; }
<piece_array_decl>	{ [ }
<sip_array_decl>	{ [ }
<chars_array_decl>	{ [ }
<flag_array_decl>	{ [ }
<table_array_decl>	{ [ }
<piece_array_val>	{ id }
<piece_array_val>	{ append, sort, reverse, remove }
<piece_array_val>	{ [ }
<piece_array_init>	{ = }
<piece_array_init>	{ ,, ; }
<sip_array_val>	{ id }
<sip_array_val>	{ append, sort, reverse, remove }
<sip_array_val>	{ [ }
<sip_array_init>	{ = }
<sip_array_init>	{ ,, ; }
<chars_array_val>	{ id }
<chars_array_val>	{ append, sort, reverse, remove }
<chars_array_val>	{ [ }
<chars_array_init>	{ = }
<chars_array_init>	{ ,, ; }
<flag_array_val>	{ id }
<flag_array_val>	{ append, sort, reverse, remove }
<flag_array_val>	{ [ }
<flag_array_init>	{ = }
<flag_array_init>	{ ,, ; }
<table_array_val>	{ id }
<table_array_val>	{ append, sort, reverse, remove }
<table_array_val>	{ [ }
<table_array_init>	{ = }
<table_array_init>	{ ,, ; }
<array_declare_tail_piece>	{ , }
<array_declare_tail_piece>	{ ; }
<array_declare_tail_sip>	{ , }
<array_declare_tail_sip>	{ ; }
<array_declare_tail_flag>	{ , }
<array_declare_tail_flag>	{ ; }
<array_declare_tail_chars>	{ , }
<array_declare_tail_chars>	{ ; }
<array_declare_tail_table>	{ , }
<array_declare_tail_table>	{ ; }
<dimensions>	{ [ }
<dimensions_tail>	{ [ }
<dimensions_tail>	{ of }
<flavor>	{ [, id, topiece, size, search, fact, pow, piece_lit, sqrt, rand, tosip, sip_lit, bill, take, copy, cut, tochars, chars_lit, matches, toflag, flag_lit, (, not, append, sort, reverse, remove }
<flavor>	{ ) }
<value>	{ id, topiece, size, search, fact, pow, piece_lit, sqrt, rand, tosip, sip_lit, bill, take, copy, cut, tochars, chars_lit, matches, toflag, flag_lit, (, not }
<value>	{ append, sort, reverse, remove }
<value>	{ [ }
<notation_val>	{ piece_lit, sip_lit, flag_lit, chars_lit, [ }
<notation_val>	{ id }
<notation_val>	{ ] }
<array_element>	{ piece_lit }
<array_element>	{ sip_lit }
<array_element>	{ flag_lit }
<array_element>	{ chars_lit }
<array_element>	{ [ }
<element_value_tail>	{ , }
<element_value_tail>	{ ] }
<array_element_id>	{ id }
<array_element_id>	{ piece_lit, sip_lit, flag_lit, chars_lit, [ }
<array_element_id>	{ ] }
<array_element_piece>	{ id }
<array_element_piece>	{ piece_lit }
<array_element_piece>	{ [ }
<array_element_piece_opt>	{ id, piece_lit, [ }
<array_element_piece_opt>	{ ] }
<element_piece_tail>	{ , }
<element_piece_tail>	{ ] }
<array_element_sip>	{ id }
<array_element_sip>	{ sip_lit }
<array_element_sip>	{ [ }
<array_element_sip_opt>	{ id, sip_lit, [ }
<array_element_sip_opt>	{ ] }
<element_sip_tail>	{ , }
<element_sip_tail>	{ ] }
<array_element_chars>	{ id }
<array_element_chars>	{ chars_lit }
<array_element_chars>	{ [ }
<array_element_chars_opt>	{ id, chars_lit, [ }
<array_element_chars_opt>	{ ] }
<element_chars_tail>	{ , }
<element_chars_tail>	{ ] }
<array_element_flag>	{ id }
<array_element_flag>	{ flag_lit }
<array_element_flag>	{ [ }
<array_element_flag_opt>	{ id, flag_lit, [ }
<array_element_flag_opt>	{ ] }
<element_flag_tail>	{ , }
<element_flag_tail>	{ ] }
<array_element_table>	{ [, id }
<array_element_table_opt>	{ [, id }
<array_element_table_opt>	{ ] }
<element_table_tail>	{ , }
<element_table_tail>	{ ] }
<array_or_table>	{ , }
<array_or_table>	{ = }
<array_or_table>	{ ] }
<field_assignments>	{ id }
<field_assignments>	{ ] }
<flavor_tail>	{ , }
<flavor_tail>	{ ) }
<accessor_tail>	{ [ }
<accessor_tail>	{ : }
<accessor_tail>	{ =, +=, -=, *=, /=, %=, ,, ), ;, +, -, *, /, %, and, or, ==, !=, >, <, >=, <=, ] }
<array_accessor>	{ [ }
<array_accessor_val>	{ piece_lit }
<array_accessor_val>	{ id }
<table_accessor>	{ : }
<table_prototype>	{ table }
<required_decl>	{ piece, sip, flag, chars, id }
<decl_head>	{ piece, sip, flag, chars, id }
<primitive_types_dims>	{ piece }
<primitive_types_dims>	{ sip }
<primitive_types_dims>	{ flag }
<primitive_types_dims>	{ chars }
<primitive_types_dims>	{ id }
<required_decl_tail>	{ piece, sip, flag, chars, id }
<required_decl_tail>	{ ] }
<table_decl>	{ of }
<table_decl>	{ [ }
<table_declare>	{ id }
<table_init>	{ = }
<table_init>	{ ,, ; }
<strict_table_expr>	{ [ }
<strict_table_expr>	{ id }
<table_declare_tail>	{ , }
<table_declare_tail>	{ ; }
<recipe_decl>	{ prepare }
<recipe_decl>	{ start }
<serve_type>	{ piece, sip, flag, chars, id }
<spice>	{ piece, sip, flag, chars, id }
<spice>	{ ) }
<spice_tail>	{ , }
<spice_tail>	{ ) }
<platter>	{ { }
<local_decl>	{ piece }
<local_decl>	{ chars }
<local_decl>	{ sip }
<local_decl>	{ flag }
<local_decl>	{ id }
<local_decl>	{ id, serve, append, bill, copy, cut, fact, matches, pow, rand, remove, reverse, search, size, sort, sqrt, take, tochars, topiece, tosip, check, menu, pass, repeat, order, } }
<local_id_tail>	{ of }
<local_id_tail>	{ [ }
<local_id_tail>	{ : }
<local_id_tail>	{ =, +=, -=, *=, /=, %= }
<local_id_tail>	{ ( }
<endsb_tail>	{ ] }
<endsb_tail>	{ piece_lit, id }
<assignment_op>	{ = }
<assignment_op>	{ += }
<assignment_op>	{ -= }
<assignment_op>	{ *= }
<assignment_op>	{ /= }
<assignment_op>	{ %= }
<statements>	{ id }
<statements>	{ append, bill, copy, cut, fact, matches, pow, rand, remove, reverse, search, size, sort, sqrt, take, tochars, topiece, tosip }
<statements>	{ check, menu }
<statements>	{ pass, repeat, order }
<statements>	{ serve }
<statements>	{ }, id, serve, append, bill, copy, cut, fact, matches, pow, rand, remove, reverse, search, size, sort, sqrt, take, tochars, topiece, tosip, check, menu, pass, repeat, order }
<id_statements>	{ id }
<id_statements_ext>	{ ( }
<id_statements_ext>	{ =, +=, -=, *=, /=, %=, [, : }
<tail1>	{ ( }
<call_tail>	{ ( }
<assignment_st>	{ [, :, =, +=, -=, *=, /=, %= }
<built_in_rec_call>	{ append, bill, copy, cut, fact, matches, pow, rand, remove, reverse, search, size, sort, sqrt, take, tochars, topiece, tosip }
<built_in_rec>	{ append }
<built_in_rec>	{ bill }
<built_in_rec>	{ copy }
<built_in_rec>	{ cut }
<built_in_rec>	{ fact }
<built_in_rec>	{ matches }
<built_in_rec>	{ pow }
<built_in_rec>	{ rand }
<built_in_rec>	{ remove }
<built_in_rec>	{ reverse }
<built_in_rec>	{ search }
<built_in_rec>	{ size }
<built_in_rec>	{ sort }
<built_in_rec>	{ sqrt }
<built_in_rec>	{ take }
<built_in_rec>	{ tochars }
<built_in_rec>	{ topiece }
<built_in_rec>	{ tosip }
<conditional_st>	{ check }
<conditional_st>	{ menu }
<cond_check>	{ check }
<alt_clause>	{ alt }
<alt_clause>	{ instead, id, serve, append, bill, copy, cut, fact, matches, pow, rand, remove, reverse, search, size, sort, sqrt, take, tochars, topiece, tosip, check, menu, pass, repeat, order, }, stop, choice, usual }
<instead_clause>	{ instead }
<instead_clause>	{ id, serve, append, bill, copy, cut, fact, matches, pow, rand, remove, reverse, search, size, sort, sqrt, take, tochars, topiece, tosip, check, menu, pass, repeat, order, }, stop, choice, usual }
<cond_menu>	{ menu }
<menu_platter>	{ { }
<choice_clause>	{ choice }
<choice_clause>	{ usual, } }
<choice_val>	{ piece_lit }
<choice_val>	{ chars_lit }
<statements_menu>	{ id }
<statements_menu>	{ append, bill, copy, cut, fact, matches, pow, rand, remove, reverse, search, size, sort, sqrt, take, tochars, topiece, tosip }
<statements_menu>	{ menu, check }
<statements_menu>	{ pass, repeat, order }
<statements_menu>	{ stop }
<statements_menu>	{ serve }
<statements_menu>	{ choice, usual, }, id, append, bill, copy, cut, fact, matches, pow, rand, remove, reverse, search, size, sort, sqrt, take, tochars, topiece, tosip, menu, stop, serve, check, pass, repeat, order }
<id_statements_menu>	{ id }
<conditional_st_menu>	{ check }
<conditional_st_menu>	{ menu }
<cond_check_menu>	{ check }
<menu_check_platter>	{ { }
<local_decl_menu>	{ piece }
<local_decl_menu>	{ chars }
<local_decl_menu>	{ sip }
<local_decl_menu>	{ flag }
<local_decl_menu>	{ id }
<local_decl_menu>	{ id, append, bill, copy, cut, fact, matches, pow, rand, remove, reverse, search, size, sort, sqrt, take, tochars, topiece, tosip, menu, stop, serve, check, pass, repeat, order, } }
<local_id_tail_menu>	{ of }
<local_id_tail_menu>	{ [ }
<local_id_tail_menu>	{ : }
<local_id_tail_menu>	{ =, +=, -=, *=, /=, %= }
<local_id_tail_menu>	{ ( }
<endsb_tail_menu>	{ ] }
<endsb_tail_menu>	{ piece_lit, id }
<looping_st>	{ pass }
<looping_st>	{ repeat }
<looping_st>	{ order }
<loop_pass>	{ pass }
<initialization>	{ id }
<loop_init>	{ = }
<loop_init>	{ ; }
<update>	{ id }
<loop_platter>	{ { }
<local_decl_loop>	{ piece }
<local_decl_loop>	{ chars }
<local_decl_loop>	{ sip }
<local_decl_loop>	{ flag }
<local_decl_loop>	{ id }
<local_decl_loop>	{ id, append, bill, copy, cut, fact, matches, pow, rand, remove, reverse, search, size, sort, sqrt, take, tochars, topiece, tosip, pass, repeat, order, check, menu, next, stop, serve, } }
<local_id_tail_loop>	{ of }
<local_id_tail_loop>	{ [ }
<local_id_tail_loop>	{ : }
<local_id_tail_loop>	{ =, +=, -=, *=, /=, %= }
<local_id_tail_loop>	{ ( }
<endsb_tail_loop>	{ ] }
<endsb_tail_loop>	{ piece_lit, id }
<statements_loop>	{ id }
<statements_loop>	{ append, bill, copy, cut, fact, matches, pow, rand, remove, reverse, search, size, sort, sqrt, take, tochars, topiece, tosip }
<statements_loop>	{ check, menu }
<statements_loop>	{ pass, repeat, order }
<statements_loop>	{ next, stop, serve }
<statements_loop>	{ }, id, append, bill, copy, cut, fact, matches, pow, rand, remove, reverse, search, size, sort, sqrt, take, tochars, topiece, tosip, pass, repeat, order, check, menu, next, stop, serve }
<id_statements_loop>	{ id }
<conditional_st_loop>	{ check }
<conditional_st_loop>	{ menu }
<cond_check_loop>	{ check }
<alt_clause_loop>	{ alt }
<alt_clause_loop>	{ instead, id, append, bill, copy, cut, fact, matches, pow, rand, remove, reverse, search, size, sort, sqrt, take, tochars, topiece, tosip, pass, repeat, order, check, menu, next, stop, serve, }, choice, usual }
<instead_clause_loop>	{ instead }
<instead_clause_loop>	{ id, append, bill, copy, cut, fact, matches, pow, rand, remove, reverse, search, size, sort, sqrt, take, tochars, topiece, tosip, pass, repeat, order, check, menu, next, stop, serve, }, choice, usual }
<cond_menu_loop>	{ menu }
<menu_loop_platter>	{ { }
<choice_clause_loop>	{ choice }
<choice_clause_loop>	{ usual, } }
<usual_clause_loop>	{ usual }
<usual_clause_loop>	{ } }
<choice_usual_loop_st>	{ id }
<choice_usual_loop_st>	{ append, bill, copy, cut, fact, matches, pow, rand, remove, reverse, search, size, sort, sqrt, take, tochars, topiece, tosip }
<choice_usual_loop_st>	{ check, menu }
<choice_usual_loop_st>	{ pass, repeat, order }
<choice_usual_loop_st>	{ next, stop, serve }
<choice_usual_loop_st>	{ choice, usual, }, id, append, bill, copy, cut, fact, matches, pow, rand, remove, reverse, search, size, sort, sqrt, take, tochars, topiece, tosip, check, menu, pass, repeat, order, next, stop, serve }
<id_statements_choice_usual_loop>	{ id }
<jump_st>	{ next }
<jump_st>	{ stop }
<jump_st>	{ serve }
<jump_next>	{ next }
<jump_stop>	{ stop }
<jump_serve>	{ serve }
<loop_repeat>	{ repeat }
<loop_order>	{ order }
<usual_clause>	{ usual }
<usual_clause>	{ } }
<strict_flag_expr>	{ not, (, id, topiece, size, search, fact, pow, piece_lit, sqrt, rand, tosip, sip_lit, bill, take, copy, cut, tochars, chars_lit, matches, toflag, flag_lit }
<strict_flag_or_tail>	{ or }
<strict_flag_or_tail>	{ ,, ;, ), and, or }
<strict_flag_term>	{ not, (, id, topiece, size, search, fact, pow, piece_lit, sqrt, rand, tosip, sip_lit, bill, take, copy, cut, tochars, chars_lit, matches, toflag, flag_lit }
<strict_flag_and_tail>	{ and }
<strict_flag_and_tail>	{ or, ,, ;, ), and }
<strict_flag_factor>	{ id }
<strict_flag_factor>	{ topiece, size, search, fact, pow, piece_lit }
<strict_flag_factor>	{ sqrt, rand, tosip, sip_lit }
<strict_flag_factor>	{ bill, take, copy, cut, tochars, chars_lit }
<strict_flag_factor>	{ matches, toflag, flag_lit }
<strict_flag_factor>	{ not }
<strict_flag_factor>	{ ( }
<lhs_piece_tail>	{ + }
<lhs_piece_tail>	{ - }
<lhs_piece_tail>	{ * }
<lhs_piece_tail>	{ / }
<lhs_piece_tail>	{ % }
<lhs_piece_tail>	{ ==, !=, >, <, >=, <= }
<lhs_sip_tail>	{ + }
<lhs_sip_tail>	{ - }
<lhs_sip_tail>	{ * }
<lhs_sip_tail>	{ / }
<lhs_sip_tail>	{ % }
<lhs_sip_tail>	{ ==, !=, >, <, >=, <= }
<lhs_str_tail>	{ + }
<lhs_str_tail>	{ ==, !=, >, <, >=, <= }
<lhs_ambig_tail>	{ + }
<lhs_ambig_tail>	{ - }
<lhs_ambig_tail>	{ * }
<lhs_ambig_tail>	{ / }
<lhs_ambig_tail>	{ % }
<lhs_ambig_tail>	{ ==, !=, >, <, >=, <= }
<lhs_ambig_tail>	{ and }
<lhs_ambig_tail>	{ or }
<lhs_ambig_tail>	{ and, or, ,, ;, ) }
<ambig_calc_branch>	{ id }
<ambig_calc_branch>	{ topiece, size, search, fact, pow, piece_lit }
<ambig_calc_branch>	{ sqrt, rand, tosip, sip_lit }
<ambig_calc_branch>	{ bill, take, copy, cut, tochars, chars_lit }
<ambig_calc_branch>	{ ( }
<lhs_ambig_tail_no_lambda>	{ + }
<lhs_ambig_tail_no_lambda>	{ - }
<lhs_ambig_tail_no_lambda>	{ * }
<lhs_ambig_tail_no_lambda>	{ / }
<lhs_ambig_tail_no_lambda>	{ % }
<lhs_ambig_tail_no_lambda>	{ ==, !=, >, <, >=, <= }
<strict_string_factor>	{ id }
<strict_string_factor>	{ bill, take, copy, cut, tochars, chars_lit }
<strict_string_factor>	{ ( }
<strict_ambig_rhs>	{ id }
<strict_ambig_rhs>	{ topiece, size, search, fact, pow, piece_lit }
<strict_ambig_rhs>	{ sqrt, rand, tosip, sip_lit }
<strict_ambig_rhs>	{ bill, take, copy, cut, tochars, chars_lit }
<strict_ambig_rhs>	{ ( }
<paren_dispatch_lhs>	{ id }
<paren_dispatch_lhs>	{ topiece, size, search, fact, pow, piece_lit }
<paren_dispatch_lhs>	{ sqrt, rand, tosip, sip_lit }
<paren_dispatch_lhs>	{ bill, take, copy, cut, tochars, chars_lit }
<paren_dispatch_lhs>	{ matches, toflag, flag_lit }
<paren_dispatch_lhs>	{ not }
<paren_dispatch_lhs>	{ ( }
<paren_piece_tail_lhs>	{ + }
<paren_piece_tail_lhs>	{ - }
<paren_piece_tail_lhs>	{ * }
<paren_piece_tail_lhs>	{ ) }
<paren_piece_tail_lhs>	{ ==, !=, >, <, >=, <= }
<paren_sip_tail_lhs>	{ + }
<paren_sip_tail_lhs>	{ - }
<paren_sip_tail_lhs>	{ * }
<paren_sip_tail_lhs>	{ ) }
<paren_sip_tail_lhs>	{ ==, !=, >, <, >=, <= }
<paren_ambig_tail_lhs>	{ + }
<paren_ambig_tail_lhs>	{ - }
<paren_ambig_tail_lhs>	{ * }
<paren_ambig_tail_lhs>	{ ) }
<paren_ambig_tail_lhs>	{ ==, !=, >, <, >=, <= }
<paren_ambig_tail_lhs>	{ and }
<paren_ambig_tail_lhs>	{ or }
<paren_ambig_branch_lhs>	{ id }
<paren_ambig_branch_lhs>	{ topiece, size, search, fact, pow, piece_lit }
<paren_ambig_branch_lhs>	{ sqrt, rand, tosip, sip_lit }
<paren_ambig_branch_lhs>	{ bill, take, copy, cut, tochars, chars_lit }
<paren_ambig_branch_lhs>	{ ( }
<paren_str_tail_lhs>	{ + }
<paren_str_tail_lhs>	{ ) }
<paren_str_tail_lhs>	{ ==, !=, >, <, >=, <= }
<paren_dispatch_val>	{ id }
<paren_dispatch_val>	{ topiece, size, search, fact, pow, piece_lit }
<paren_dispatch_val>	{ sqrt, rand, tosip, sip_lit }
<paren_dispatch_val>	{ bill, take, copy, cut, tochars, chars_lit }
<paren_dispatch_val>	{ ( }
<paren_piece_tail_val>	{ + }
<paren_piece_tail_val>	{ - }
<paren_piece_tail_val>	{ * }
<paren_piece_tail_val>	{ ) }
<paren_sip_tail_val>	{ + }
<paren_sip_tail_val>	{ - }
<paren_sip_tail_val>	{ * }
<paren_sip_tail_val>	{ ) }
<paren_str_tail_val>	{ + }
<paren_str_tail_val>	{ ) }
<paren_ambig_tail_val>	{ + }
<paren_ambig_tail_val>	{ - }
<paren_ambig_tail_val>	{ * }
<paren_ambig_tail_val>	{ ) }
<paren_ambig_branch_val>	{ id }
<paren_ambig_branch_val>	{ topiece, size, search, fact, pow, piece_lit }
<paren_ambig_branch_val>	{ sqrt, rand, tosip, sip_lit }
<paren_ambig_branch_val>	{ bill, take, copy, cut, tochars, chars_lit }
<paren_ambig_branch_val>	{ ( }
<val_piece_tail>	{ + }
<val_piece_tail>	{ - }
<val_piece_tail>	{ * }
<val_piece_tail>	{ / }
<val_piece_tail>	{ % }
<val_piece_tail>	{ and, or, ,, ;, ) }
<val_sip_tail>	{ + }
<val_sip_tail>	{ - }
<val_sip_tail>	{ * }
<val_sip_tail>	{ / }
<val_sip_tail>	{ % }
<val_sip_tail>	{ and, or, ,, ;, ) }
<val_str_tail>	{ + }
<val_str_tail>	{ and, or, ,, ;, ), +, ==, !=, >, <, >=, <= }
<val_ambig_tail>	{ + }
<val_ambig_tail>	{ - }
<val_ambig_tail>	{ * }
<val_ambig_tail>	{ / }
<val_ambig_tail>	{ % }
<val_ambig_tail>	{ and, or, ,, ;, ) }
<paren_dispatch_val_piece>	{ id }
<paren_dispatch_val_piece>	{ topiece, size, search, fact, pow, piece_lit }
<paren_dispatch_val_piece>	{ ( }
<paren_dispatch_val_sip>	{ id }
<paren_dispatch_val_sip>	{ sqrt, rand, tosip, sip_lit }
<paren_dispatch_val_sip>	{ ( }
<paren_dispatch_val_str>	{ id }
<paren_dispatch_val_str>	{ bill, take, copy, cut, tochars, chars_lit }
<paren_dispatch_val_str>	{ ( }
<paren_dispatch_lhs_no_lambda>	{ id }
<paren_dispatch_lhs_no_lambda>	{ topiece, size, search, fact, pow, piece_lit }
<paren_dispatch_lhs_no_lambda>	{ sqrt, rand, tosip, sip_lit }
<paren_dispatch_lhs_no_lambda>	{ bill, take, copy, cut, tochars, chars_lit }
<paren_dispatch_lhs_no_lambda>	{ ( }
<lhs_bool_tail>	{ and }
<lhs_bool_tail>	{ or }
<lhs_bool_tail>	{ and, or, ,, ;, ) }
<rel_op>	{ == }
<rel_op>	{ != }
<rel_op>	{ > }
<rel_op>	{ < }
<rel_op>	{ >= }
<rel_op>	{ <= }
<strict_chars_expr>	{ (, bill, take, copy, cut, tochars, chars_lit, id }
<strict_chars_factor>	{ bill, take, copy, cut, tochars, chars_lit }
<strict_chars_factor>	{ id }
<strict_chars_factor>	{ ( }
<strict_chars_add_tail>	{ + }
<strict_chars_add_tail>	{ ,, ;, ), and, or, +, ==, !=, >, <, >=, <= }
<strict_piece_expr>	{ (, topiece, size, search, fact, pow, piece_lit, id }
<strict_piece_term>	{ (, topiece, size, search, fact, pow, piece_lit, id }
<strict_piece_factor>	{ topiece, size, search, fact, pow, piece_lit }
<strict_piece_factor>	{ id }
<strict_piece_factor>	{ ( }
<strict_piece_mult_tail>	{ * }
<strict_piece_mult_tail>	{ / }
<strict_piece_mult_tail>	{ % }
<strict_piece_mult_tail>	{ +, -, ,, ;, ), and, or, *, /, %, ==, !=, >, <, >=, <= }
<strict_piece_add_tail>	{ + }
<strict_piece_add_tail>	{ - }
<strict_piece_add_tail>	{ ,, ;, ), and, or, +, -, *, /, %, ==, !=, >, <, >=, <= }
<strict_sip_expr>	{ (, id, sqrt, rand, tosip, sip_lit }
<strict_sip_term>	{ (, id, sqrt, rand, tosip, sip_lit }
<strict_sip_factor>	{ id }
<strict_sip_factor>	{ sqrt, rand, tosip, sip_lit }
<strict_sip_factor>	{ ( }
<strict_sip_mult_tail>	{ * }
<strict_sip_mult_tail>	{ / }
<strict_sip_mult_tail>	{ +, -, ,, ;, ), and, or, *, /, %, ==, !=, >, <, >=, <= }
<strict_sip_add_tail>	{ + }
<strict_sip_add_tail>	{ - }
<strict_sip_add_tail>	{ ,, ;, ), and, or, +, -, *, /, %, ==, !=, >, <, >=, <= }
<ret_flag>	{ matches }
<ret_flag>	{ toflag }
<ret_flag>	{ flag_lit }
<ret_chars>	{ bill }
<ret_chars>	{ take }
<ret_chars>	{ copy }
<ret_chars>	{ cut }
<ret_chars>	{ tochars }
<ret_chars>	{ chars_lit }
<ret_piece>	{ topiece }
<ret_piece>	{ size }
<ret_piece>	{ search }
<ret_piece>	{ fact }
<ret_piece>	{ pow }
<ret_piece>	{ piece_lit }
<ret_sip>	{ sqrt }
<ret_sip>	{ rand }
<ret_sip>	{ tosip }
<ret_sip>	{ sip_lit }
<ret_array>	{ append }
<ret_array>	{ sort }
<ret_array>	{ reverse }
<ret_array>	{ remove }
<strict_datas_expr>	{ [ }
<strict_datas_expr>	{ id }
<strict_datas_expr>	{ append, sort, reverse, remove }
<strict_array_expr>	{ [ }
<strict_array_expr>	{ id }
<strict_array_expr>	{ append, sort, reverse, remove }
<id>	{ id }
<id_tail>	{ (, ,, ), ;, +, -, *, /, %, and, or, ==, !=, >, <, >=, <=, ] }
<id_tail>	{ [, :, ,, ), ;, +, -, *, /, %, and, or, ==, !=, >, <, >=, <=, ] }
<call_tailopt>	{ ( }
<call_tailopt>	{ ,, ), ;, +, -, *, /, %, and, or, ==, !=, >, <, >=, <=, ] }
<any_expr>	{ id }
<any_expr>	{ topiece, size, search, fact, pow, piece_lit }
<any_expr>	{ sqrt, rand, tosip, sip_lit }
<any_expr>	{ bill, take, copy, cut, tochars, chars_lit }
<any_expr>	{ matches, toflag, flag_lit }
<any_expr>	{ ( }
<any_expr>	{ not }
<univ_ambig_tail>	{ + }
<univ_ambig_tail>	{ - }
<univ_ambig_tail>	{ * }
<univ_ambig_tail>	{ / }
<univ_ambig_tail>	{ % }
<univ_ambig_tail>	{ ==, !=, >, <, >=, <= }
<univ_ambig_tail>	{ and }
<univ_ambig_tail>	{ or }
<univ_ambig_tail>	{ ,, ), ; }
<univ_ambig_branch>	{ id }
<univ_ambig_branch>	{ topiece, size, search, fact, pow, piece_lit }
<univ_ambig_branch>	{ sqrt, rand, tosip, sip_lit }
<univ_ambig_branch>	{ bill, take, copy, cut, tochars, chars_lit }
<univ_ambig_branch>	{ ( }
<univ_ambig_numeric_branch>	{ id }
<univ_ambig_numeric_branch>	{ topiece, size, search, fact, pow, piece_lit }
<univ_ambig_numeric_branch>	{ sqrt, rand, tosip, sip_lit }
<univ_ambig_numeric_branch>	{ ( }
<univ_ambig_numeric_tail>	{ + }
<univ_ambig_numeric_tail>	{ - }
<univ_ambig_numeric_tail>	{ * }
<univ_ambig_numeric_tail>	{ / }
<univ_ambig_numeric_tail>	{ % }
<univ_ambig_numeric_tail>	{ ==, !=, >, <, >=, <= }
<univ_ambig_numeric_tail>	{ ,, ), ; }
<univ_piece_tail>	{ + }
<univ_piece_tail>	{ - }
<univ_piece_tail>	{ * }
<univ_piece_tail>	{ / }
<univ_piece_tail>	{ % }
<univ_piece_tail>	{ ==, !=, >, <, >=, <= }
<univ_piece_tail>	{ ,, ), ; }
<univ_sip_tail>	{ + }
<univ_sip_tail>	{ - }
<univ_sip_tail>	{ * }
<univ_sip_tail>	{ / }
<univ_sip_tail>	{ % }
<univ_sip_tail>	{ ==, !=, >, <, >=, <= }
<univ_sip_tail>	{ ,, ), ; }
<univ_str_tail>	{ + }
<univ_str_tail>	{ ==, !=, >, <, >=, <= }
<univ_str_tail>	{ ,, ), ; }
<univ_bool_tail>	{ and }
<univ_bool_tail>	{ or }
<univ_bool_tail>	{ ,, ), ; }
<univ_paren_dispatch>	{ id }
<univ_paren_dispatch>	{ topiece, size, search, fact, pow, piece_lit }
<univ_paren_dispatch>	{ sqrt, rand, tosip, sip_lit }
<univ_paren_dispatch>	{ bill, take, copy, cut, tochars, chars_lit }
<univ_paren_dispatch>	{ matches, toflag, flag_lit }
<univ_paren_dispatch>	{ not }
<univ_paren_dispatch>	{ ( }
<univ_paren_dispatch_numeric>	{ id }
<univ_paren_dispatch_numeric>	{ topiece, size, search, fact, pow, piece_lit }
<univ_paren_dispatch_numeric>	{ sqrt, rand, tosip, sip_lit }
<univ_paren_dispatch_numeric>	{ ( }
<univ_paren_dispatch_piece>	{ id }
<univ_paren_dispatch_piece>	{ topiece, size, search, fact, pow, piece_lit }
<univ_paren_dispatch_piece>	{ ( }
<univ_paren_dispatch_sip>	{ id }
<univ_paren_dispatch_sip>	{ sqrt, rand, tosip, sip_lit }
<univ_paren_dispatch_sip>	{ ( }
<univ_paren_dispatch_str>	{ id }
<univ_paren_dispatch_str>	{ bill, take, copy, cut, tochars, chars_lit }
<univ_paren_dispatch_str>	{ ( }
<univ_paren_ambig_tail>	{ + }
<univ_paren_ambig_tail>	{ - }
<univ_paren_ambig_tail>	{ * }
<univ_paren_ambig_tail>	{ / }
<univ_paren_ambig_tail>	{ % }
<univ_paren_ambig_tail>	{ ==, !=, >, <, >=, <= }
<univ_paren_ambig_tail>	{ ) }
<univ_paren_ambig_branch>	{ id }
<univ_paren_ambig_branch>	{ topiece, size, search, fact, pow, piece_lit }
<univ_paren_ambig_branch>	{ sqrt, rand, tosip, sip_lit }
<univ_paren_ambig_branch>	{ bill, take, copy, cut, tochars, chars_lit }
<univ_paren_ambig_branch>	{ ( }
<univ_paren_ambig_numeric_tail>	{ + }
<univ_paren_ambig_numeric_tail>	{ - }
<univ_paren_ambig_numeric_tail>	{ * }
<univ_paren_ambig_numeric_tail>	{ / }
<univ_paren_ambig_numeric_tail>	{ % }
<univ_paren_ambig_numeric_tail>	{ ) }
<univ_paren_ambig_numeric_branch>	{ id }
<univ_paren_ambig_numeric_branch>	{ topiece, size, search, fact, pow, piece_lit }
<univ_paren_ambig_numeric_branch>	{ sqrt, rand, tosip, sip_lit }
<univ_paren_ambig_numeric_branch>	{ ( }
<univ_paren_piece_tail>	{ + }
<univ_paren_piece_tail>	{ - }
<univ_paren_piece_tail>	{ * }
<univ_paren_piece_tail>	{ / }
<univ_paren_piece_tail>	{ % }
<univ_paren_piece_tail>	{ ) }
<univ_paren_sip_tail>	{ + }
<univ_paren_sip_tail>	{ - }
<univ_paren_sip_tail>	{ * }
<univ_paren_sip_tail>	{ / }
<univ_paren_sip_tail>	{ ) }
<univ_paren_str_tail>	{ + }
<univ_paren_str_tail>	{ ) }
<strict_piece_chars_expr>	{ id }
<strict_piece_chars_expr>	{ topiece, size, search, fact, pow, piece_lit }
<strict_piece_chars_expr>	{ bill, take, copy, cut, tochars, chars_lit }
<strict_piece_chars_expr>	{ ( }
<pc_piece_tail>	{ *, /, %, +, -, ) }
<pc_chars_tail>	{ +, ) }
<pc_ambig_tail>	{ + }
<pc_ambig_tail>	{ - }
<pc_ambig_tail>	{ * }
<pc_ambig_tail>	{ / }
<pc_ambig_tail>	{ % }
<pc_ambig_tail>	{ ) }
<pc_ambig_branch>	{ id }
<pc_ambig_branch>	{ topiece, size, search, fact, pow, piece_lit }
<pc_ambig_branch>	{ bill, take, copy, cut, tochars, chars_lit }
<pc_ambig_branch>	{ ( }
<pc_paren_dispatch>	{ id }
<pc_paren_dispatch>	{ topiece, size, search, fact, pow, piece_lit }
<pc_paren_dispatch>	{ bill, take, copy, cut, tochars, chars_lit }
<pc_paren_dispatch>	{ ( }
<pc_paren_piece_tail_inner>	{ + }
<pc_paren_piece_tail_inner>	{ - }
<pc_paren_piece_tail_inner>	{ * }
<pc_paren_piece_tail_inner>	{ / }
<pc_paren_piece_tail_inner>	{ % }
<pc_paren_piece_tail_inner>	{ ) }
<pc_paren_chars_tail_inner>	{ + }
<pc_paren_chars_tail_inner>	{ ) }
<pc_paren_ambig_tail_inner>	{ + }
<pc_paren_ambig_tail_inner>	{ - }
<pc_paren_ambig_tail_inner>	{ * }
<pc_paren_ambig_tail_inner>	{ / }
<pc_paren_ambig_tail_inner>	{ % }
<pc_paren_ambig_tail_inner>	{ ) }
<pc_paren_ambig_branch>	{ id }
<pc_paren_ambig_branch>	{ topiece, size, search, fact, pow, piece_lit }
<pc_paren_ambig_branch>	{ bill, take, copy, cut, tochars, chars_lit }
<pc_paren_ambig_branch>	{ ( }